[
    {
      "nome": "Agrigento"
     
    },
    {
      "nome": "Alessandria"
     
    },
    {
      "nome": "Ancona"
     
    },
    {
      "nome": "Arezzo"
      
    },
    {
      "nome": "Ascoli Piceno"
      
    },
    {
      "nome": "Asti"
      
    },
    {
      "nome": "Avellino"
     
    },
    {
      "nome": "Bari"
      
    },
    {
      "nome": "Barletta-Andria-Trani"
     
    },
    {
      "nome": "Belluno"
      
    },
    {
      "nome": "Benevento"    
    },
    {
      "nome": "Bergamo"
     
    },
    {
      "nome": "Biella"
    
    },
    {
      "nome": "Bologna"
      
    },
    {
      "nome": "Bolzano/Bozen"
     
    },
    {
      "nome": "Brescia"
      
    },{
  "nome": "Napoli"
},
  {
    "nome": "Palermo"
  },
  {
    "nome": "Catania"
  },
  {
    "nome": "Salerno"
  },
  {
    "nome": "Madrid"
  },
  {
    "nome":"Barcelona"
  }
,
  {
    "nome":"Messina"
  }
,
  {
    "nome":"Genova"
  },
  {
    "nome":"Torino"
  }
,
  {
    "nome":"Trieste"
  }


   
    
  ]